molecule_chembl_id,smiles,pchembl_value,qed,sascore,mw,logp,hbd,hba,heavy_atoms,lipinski_pass,valid,max_tanimoto_to_known_drug,closest_known_drug
CHEMBL68920,Cc1cc(C)c(/C=C2\C(=O)Nc3ncnc(Nc4ccc(F)c(Cl)c4)c32)[nH]1,7.39,0.5833573872884239,2.8615668525262805,383.814,4.450340000000002,3,4,27,4,True,0.3218390804597701,Gefitinib
CHEMBL69960,Cc1cc(C(=O)N2CCOCC2)[nH]c1/C=C1\C(=O)Nc2ncnc(Nc3ccc(F)c(Cl)c3)c21,6.77,0.4896190037984267,2.989685295436498,482.9030000000001,3.614320000000001,3,6,34,4,True,0.3829787234042553,Gefitinib
CHEMBL137635,CN(c1ccccc1)c1ncnc2ccc(N/N=N/Cc3ccccn3)cc12,5.03,0.3910624471786627,2.7488412796024217,369.43200000000013,4.772000000000004,1,6,28,4,True,0.19753086419753085,Erlotinib
CHEMBL77085,N#CC(C#N)=Cc1cc(O)ccc1[N+](=O)[O-],4.02,0.45831740983805574,2.757018242790192,215.16799999999998,1.73096,1,5,16,4,True,0.09278350515463918,Afatinib
CHEMBL443268,Cc1cc(C(=O)NCCN2CCOCC2)[nH]c1/C=C1\C(=O)N(C)c2ncnc(Nc3ccc(F)c(Cl)c3)c21,5.28,0.3947889424056135,3.0704244284252855,539.9990000000001,3.228220000000002,3,7,38,3,True,0.4166666666666667,Gefitinib
CHEMBL76589,N#CC(C#N)=C(N)/C(C#N)=C/c1ccc(O)cc1,6.90,0.5962762438639292,2.8038339503247247,236.234,1.55914,2,5,18,4,True,0.0625,Afatinib
CHEMBL76904,N#CC(C#N)=Cc1ccc(O)c(O)c1,4.46,0.5137772505164835,2.6164129743561055,186.17,1.52836,2,4,14,4,True,0.07954545454545454,Osimertinib
CHEMBL304271,CCN(CC)CC(O)CNC(=O)c1cc(C)c(/C=C2\C(=O)Nc3ncnc(Nc4ccc(F)c(Cl)c4)c32)[nH]1,9.35,0.24754082172752753,3.601094190200958,542.0150000000001,3.57442,5,7,38,3,True,0.28205128205128205,Afatinib
CHEMBL296407,N#C/C(=C\c1ccc(O)c(O)c1)C(N)=O,5.00,0.3698127948017662,2.383933118803917,204.18499999999997,0.4900799999999999,3,4,15,4,True,0.09782608695652174,Osimertinib
CHEMBL309625,N#CC(C#N)=C(N)/C(C#N)=C/c1ccc(O)c([N+](=O)[O-])c1,4.22,0.3664761374796307,2.973796092959642,281.231,1.4673399999999999,2,7,21,4,True,0.0970873786407767,Afatinib
CHEMBL310798,N#CC(C#N)=Cc1cc(O)c(O)c(O)c1,5.52,0.4684715560327487,2.8505658111116094,202.16899999999998,1.2339599999999997,3,5,15,4,True,0.06666666666666667,Afatinib
CHEMBL135592,C/N=N/Nc1ccc2ncnc(N(C)c3ccccc3)c2c1,5.10,0.5863585687958219,2.6330411456482956,292.34600000000006,3.806600000000002,1,5,22,4,True,0.2054794520547945,Erlotinib
CHEMBL136491,CN(C)/N=N/c1ccc2ncnc(Nc3cccc(Cl)c3)c2c1,7.85,0.562334654811535,2.5083034093374703,326.791,4.587100000000003,1,5,23,4,True,0.373134328358209,Erlotinib
CHEMBL336113,Cc1cccc(Nc2ncnc3ccc(N)cc23)c1,6.00,0.6850826391478327,1.9538218106573844,250.30500000000004,3.2640200000000004,2,4,19,4,True,0.4067796610169492,Erlotinib
CHEMBL133024,C/N=N/Nc1ccc2ncnc(Nc3cccc(Cl)c3)c2c1,7.00,0.5515666779217898,2.472756770648296,312.76400000000007,4.435700000000002,2,5,22,4,True,0.36363636363636365,Erlotinib
CHEMBL344652,CN(C)/N=N/c1ccc2ncnc(N(C)c3ccccc3)c2c1,4.88,0.5405957250697029,2.6637306820647417,306.373,3.958000000000003,0,5,23,4,True,0.19444444444444445,Erlotinib
CHEMBL47986,O=CN/C=C/c1cc(O)ccc1O,4.85,0.4748060149969757,2.9852935961626734,179.17499999999998,0.8144999999999998,3,3,13,4,True,0.1,Lapatinib
CHEMBL138125,Brc1cccc(Nc2ncnc3ccc(N/N=N/Cc4ccccn4)cc23)c1,6.62,0.3087140394645682,2.6698030960991783,434.30100000000016,5.510200000000003,2,6,28,3,True,0.32,Erlotinib
CHEMBL137364,Brc1cccc(Nc2ncnc3ccc(N/N=N/CCN4CCOCC4)cc23)c1,7.19,0.40854939506168275,2.744713043167021,456.34800000000035,4.247200000000003,2,7,29,4,True,0.4268292682926829,Gefitinib
CHEMBL302552,O=C1Nc2ncnc(Nc3ccc(F)c(Cl)c3)c2/C1=C/c1ccc(C(=O)NCCN2CCOCC2)[nH]1,7.66,0.3594565557908185,3.033811991120107,511.9450000000004,2.895500000000001,4,7,36,3,True,0.4148936170212766,Gefitinib
CHEMBL309598,N#CC(C#N)=C(O)c1cc(O)c(O)c(O)c1,4.87,0.3173124194911782,3.0613660577659143,218.16799999999998,1.1196599999999999,4,6,16,4,True,0.06153846153846154,Erlotinib
CHEMBL67057,Cc1cc(C(=O)N2CCOCC2)[nH]c1/C=C1\C(=O)Nc2ncnc(Nc3ccc4c(ccn4Cc4ccccc4)c3)c21,8.35,0.2568545013389869,3.0786173695429815,559.6300000000002,4.824820000000003,3,6,42,3,True,0.25,Gefitinib
CHEMBL332096,Nc1ccc2ncnc(NCc3ccccc3)c2c1,6.29,0.7015050601686034,1.8682041633047373,250.30500000000004,2.8241000000000014,2,4,19,4,True,0.28125,Erlotinib
CHEMBL432903,CCN(CC)CCNC(=O)c1c(C)[nH]c(/C=C2\C(=O)Nc3ncnc(Nc4ccc(F)c(Cl)c4)c32)c1C,6.70,0.3052677729267539,3.024389924455395,526.0160000000002,4.5219400000000025,4,6,37,3,True,0.2894736842105263,Afatinib
CHEMBL69964,Cc1cc(/C=C2\C(=O)Nc3ncnc(Nc4ccc(F)c(Cl)c4)c32)[nH]c1C(=O)N1CCN(C)CC1,6.68,0.47806153545957186,3.0525979788732442,495.94600000000037,3.5295200000000015,3,6,35,4,True,0.3333333333333333,Gefitinib
CHEMBL65848,Cc1cc(C(=O)N2CCOCC2)[nH]c1/C=C1\C(=O)Nc2ncnc(Nc3ccc4c(c3)CCC4)c21,5.85,0.504608090635797,3.028284651024622,470.53300000000024,3.3105200000000012,3,6,35,4,True,0.2524271844660194,Gefitinib
CHEMBL76985,N#C/C(=C\c1ccc(C=O)cc1)C(=O)O,4.33,0.45618784652979677,2.240301223869583,201.18099999999998,1.49068,1,3,15,4,True,0.07777777777777778,Osimertinib
CHEMBL69629,Cc1cc(C(=O)NCCN2CCOCC2)[nH]c1/C=C1\C(=O)Nc2ncnc(Nc3ccc(F)c(Cl)c3)c21,8.19,0.34910951558339387,3.0343179896124397,525.9720000000001,3.203920000000001,4,7,37,3,True,0.4166666666666667,Gefitinib
CHEMBL136492,CN(c1ccccc1)c1ncnc2ccc(N)cc12,5.08,0.7103069408166413,2.1602629295385043,250.30499999999998,2.9799000000000007,1,4,19,4,True,0.208955223880597,Erlotinib
CHEMBL66570,CCN1CCN(C(=O)c2cc(C)c(/C=C3\C(=O)Nc4ncnc(Nc5ccc(F)c(Cl)c5)c43)[nH]2)CC1,7.89,0.450093590840146,2.99138833118276,509.97300000000024,3.919620000000001,3,6,36,3,True,0.3333333333333333,Gefitinib
CHEMBL311119,N#CC(C#N)=Cc1ccc(C=O)cc1,4.22,0.5180957849447793,2.5132865028519014,182.182,1.9296599999999997,0,3,14,4,True,0.06896551724137931,Osimertinib
CHEMBL76905,N#CC(C#N)=Cc1cc(O)cc(O)c1,4.43,0.6506579026520011,2.7980235006718956,186.17,1.52836,2,4,14,4,True,0.07936507936507936,Erlotinib
CHEMBL305194,Cc1cc(C(=O)O)[nH]c1/C=C1\C(=O)Nc2ncnc(Nc3ccc(F)c(Cl)c3)c21,7.54,0.48222412954816424,2.9438785967349013,413.7960000000001,3.8401200000000006,4,5,29,4,True,0.30434782608695654,Gefitinib
CHEMBL80155,COc1cc(C=C(C#N)C#N)cc(O)c1O,5.22,0.576774839125465,2.665562786618457,216.196,1.53696,2,5,16,4,True,0.12658227848101267,Gefitinib
CHEMBL343352,Nc1ccc2ncnc(Nc3cccc(Cl)c3)c2c1,6.70,0.6984163247449635,1.9737502022657765,270.72300000000007,3.609000000000001,2,4,19,4,True,0.38333333333333336,Erlotinib
CHEMBL52765,Nc1ccc2ncnc(Nc3cccc(Br)c3)c2c1,7.36,0.7075582965166849,2.040987125342699,315.17400000000004,3.7181000000000015,2,4,19,4,True,0.38333333333333336,Erlotinib
CHEMBL76642,N#C/C(=C/c1cc(O)ccc1O)C(=O)O,4.12,0.38076322332403434,2.447376195726994,205.16899999999998,1.0893799999999998,3,4,15,4,True,0.09473684210526316,Afatinib
CHEMBL308645,Cc1cc(CCC(=O)O)[nH]c1/C=C1\C(=O)Nc2ncnc(Nc3ccc(F)c(Cl)c3)c21,8.33,0.4262276916908714,2.989255958244309,441.8500000000001,4.1591200000000015,4,5,31,4,True,0.3020833333333333,Gefitinib
CHEMBL67003,Cc1cc(C(=O)N2CCOCC2)[nH]c1/C=C1\C(=O)Nc2ncnc(Nc3ccc4c(cnn4Cc4ccccc4)c3)c21,8.74,0.265233946304514,3.1094987954341633,560.6180000000002,4.219820000000002,3,7,42,3,True,0.25,Gefitinib
CHEMBL134312,CN(C)/N=N/c1ccc2ncnc(Nc3cccc(Br)c3)c2c1,7.96,0.5335207770252037,2.56433417856824,371.242,4.696200000000003,1,5,23,4,True,0.373134328358209,Erlotinib
CHEMBL77243,CCCCc1cc(/C=C(\C#N)C(N)=O)cc(CCCC)c1O,4.26,0.5689472772456861,2.530008741802142,300.402,3.4696800000000017,2,3,22,4,True,0.11,Afatinib
CHEMBL80745,COc1cc(/C=C(\C#N)C(N)=C(C#N)C#N)cc(O)c1O,5.92,0.4292326375772375,2.9894125764761252,282.259,1.27334,3,7,21,4,True,0.11627906976744186,Gefitinib
CHEMBL305246,Cc1cc(C(=O)N2CCN(C)CC2)[nH]c1/C=C1\C(=O)Nc2ncnc(Nc3ccc(F)c(Cl)c3)c21,8.55,0.47806153545957225,2.9884091676844324,495.9460000000001,3.5295200000000007,3,6,35,4,True,0.31958762886597936,Gefitinib
CHEMBL69966,C#Cc1cccc(Nc2ncnc3c2/C(=C/c2[nH]c(C(=O)NCCN4CCOCC4)cc2C)C(=O)N3)c1,7.75,0.2918843942311729,3.147559849005031,497.5590000000004,2.3927199999999997,4,7,37,4,True,0.3191489361702128,Erlotinib
CHEMBL47940,Nc1ncnc2c1c(-c1ccc(Oc3ccccc3)cc1)cn2C1CCCC1,5.50,0.5085487041896478,2.219012363939772,370.4560000000002,5.587900000000003,1,4,28,3,True,0.10843373493975904,Erlotinib
CHEMBL69358,CCN(CC)CCNC(=O)c1cc(C)c(/C=C2\C(=O)Nc3ncnc(Nc4ccc(F)c(Cl)c4)c32)[nH]1,8.92,0.31981234768945394,3.052830376790035,511.9890000000001,4.213520000000002,4,6,36,3,True,0.2920353982300885,Afatinib
CHEMBL137189,C/N=N/Nc1ccc2ncnc(Nc3cccc(C)c3)c2c1,6.70,0.560730624748014,2.4556308091098344,292.34600000000006,4.090720000000002,2,5,22,4,True,0.36923076923076925,Erlotinib
CHEMBL137617,C/N=N/Nc1ccc2ncnc(Nc3cccc(Br)c3)c2c1,7.41,0.5308542199838134,2.530538501417526,357.2150000000001,4.544800000000002,2,5,22,4,True,0.36363636363636365,Erlotinib
CHEMBL137027,CN(C)/N=N/c1ccc2ncnc(NCc3ccccc3)c2c1,6.32,0.5748941946467649,2.413794422801619,306.373,3.802200000000002,1,5,23,4,True,0.2676056338028169,Erlotinib
CHEMBL78257,N#CC(C#N)=C(N)/C(C#N)=C/c1cc(O)c(O)c(O)c1,6.10,0.35297402256260646,3.131246129208564,268.23199999999997,0.9703399999999998,4,7,20,4,True,0.07291666666666667,Afatinib
CHEMBL309334,N#CC(C#N)=C(N)/C(C#N)=C/c1ccc(O)c(O)c1,5.60,0.41120726791780354,2.9538706629815312,252.233,1.2647399999999998,3,6,19,4,True,0.07368421052631578,Osimertinib
CHEMBL304971,Cc1c(C(=O)N2CCN(C)CC2)c[nH]c1/C=C1\C(=O)Nc2ncnc(Nc3ccc(F)c(Cl)c3)c21,6.39,0.47806153545957225,2.9990287481040134,495.9460000000002,3.5295200000000007,3,6,35,4,True,0.3163265306122449,Gefitinib
CHEMBL69071,Cc1cc(C(=O)N2CC(C)NC(C)C2)[nH]c1/C=C1\C(=O)Nc2ncnc(Nc3ccc(F)c(Cl)c3)c21,8.23,0.39565175779135786,3.916526676165775,509.97300000000024,3.9643200000000016,4,6,36,3,True,0.297029702970297,Gefitinib
CHEMBL137534,CN(C)CC/N=N/Nc1ccc2ncnc(Nc3cccc(Br)c3)c2c1,7.42,0.4405289173252188,2.7357901048482756,414.3110000000001,4.476600000000003,2,6,26,4,True,0.3424657534246575,Erlotinib
CHEMBL137788,C/N=N/Nc1ccc2ncnc(NCc3ccccc3)c2c1,6.47,0.5557541382312295,2.375444303932319,292.34600000000006,3.650800000000002,2,5,22,4,True,0.2714285714285714,Erlotinib
CHEMBL424093,Brc1cccc(Nc2ncnc3ccc(N/N=N/Cc4ccccc4)cc23)c1,7.60,0.28404161629770514,2.519513939472672,433.31300000000016,6.115200000000003,2,5,28,3,True,0.3333333333333333,Erlotinib
CHEMBL77030,N#C/C(=C\c1ccc(O)c(O)c1)C(N)=S,5.62,0.30222067015785953,2.5652138880346858,220.253,1.2908799999999998,3,4,15,4,True,0.07446808510638298,Osimertinib
CHEMBL264382,Cc1cc(C(=O)NCCN2CCOCC2)[nH]c1/C=C1\C(=O)Nc2ncnc(Nc3ccc4c(ccn4Cc4ccccc4)c3)c21,8.96,0.18401095574802662,3.149315395240275,602.6990000000002,4.4144200000000025,4,7,45,3,True,0.2719298245614035,Gefitinib
CHEMBL305782,Cc1[nH]c(/C=C2\C(=O)Nc3ncnc(Nc4ccc(F)c(Cl)c4)c32)c(C)c1CCC(=O)O,6.75,0.40698842908773314,2.9249551736837507,455.8770000000003,4.467540000000002,4,5,32,4,True,0.29896907216494845,Gefitinib
CHEMBL308672,CCN(CC)CCNC(=O)c1cc(C)c(/C=C2\C(=O)Nc3ncnc(Nc4ccc(Cl)cc4F)c32)[nH]1,6.35,0.31981234768945394,3.065544162014712,511.9890000000001,4.213520000000002,4,6,36,3,True,0.21666666666666667,Afatinib
CHEMBL133023,Cc1cccc(Nc2ncnc3ccc(/N=N/N(C)C)cc23)c1,7.62,0.5780326202465983,2.491696416330477,306.3730000000001,4.2421200000000026,1,5,23,4,True,0.3787878787878788,Erlotinib
CHEMBL136674,COCC/N=N/Nc1ccc2ncnc(Nc3cccc(Br)c3)c2c1,7.15,0.34452587864909073,2.6807960201597822,401.2680000000001,4.561400000000003,2,6,25,4,True,0.4411764705882353,Erlotinib
CHEMBL73820,N#C/C(=C\c1ccc(O)c(O)c1)C(=O)O,4.60,0.38076322332403434,2.330805426496225,205.16899999999998,1.0893799999999998,3,4,15,4,True,0.0989010989010989,Osimertinib
CHEMBL77803,N#CC(C#N)=C(N)/C(C#N)=C/c1cc(O)c(O)c(Br)c1,6.30,0.43047358018284576,3.168502732982149,331.129,2.027240000000001,3,6,20,4,True,0.06930693069306931,Afatinib
CHEMBL432941,COc1cccc(-c2ccc3c(c2)NC(=O)/C3=C\c2[nH]c3c(c2CCC(=O)O)CCCC3)c1,5.05,0.4644746463422631,2.696122664831318,442.5150000000003,5.079000000000003,3,3,33,3,True,0.13559322033898305,Osimertinib
CHEMBL322395,COc1cc(Nc2c(C#N)cnc3cc(-c4ccc(CN5CCOCC5)cc4)ccc23)c(Cl)cc1Cl,5.52,0.3071423430162742,2.510794831356794,519.4320000000004,6.664680000000005,1,6,36,2,True,0.3516483516483517,Gefitinib
CHEMBL431996,O=C(O)CCc1c(/C=C2\C(=O)Nc3ccc(C(=O)O)cc32)[nH]c2c1CCCC2,4.25,0.5943541658077995,2.713385538820404,380.4000000000002,3.101600000000002,4,3,28,4,True,0.09734513274336283,Osimertinib
CHEMBL86531,NS(=O)(=O)c1ccc2c(c1)/C(=C/c1[nH]c3c(c1CCC(=O)O)CCCC3)C(=O)N2,4.54,0.5529148045988513,2.8167401351964383,415.4710000000003,2.0508,4,4,29,4,True,0.09401709401709402,Osimertinib
CHEMBL138691,C=CC(=O)N(CCN(C)C)c1cc2c(Nc3cccc(Br)c3)ncnc2cn1,8.38,0.5651111526842606,2.8106433771845705,441.3330000000001,3.6115000000000013,1,6,28,4,True,0.32323232323232326,Afatinib
CHEMBL52829,Cc1cccc(Nc2ncnc3cnc(N(C)C)nc23)c1,8.40,0.7949409635456117,2.370062081970632,280.33500000000004,2.53782,1,6,21,4,True,0.31343283582089554,Erlotinib
CHEMBL52823,Cc1cccc(Nc2ncnc3cnc(Cl)nc23)c1,6.42,0.7256571340036955,2.3018083840839587,271.71100000000007,3.1252200000000014,1,5,19,4,True,0.3230769230769231,Erlotinib
CHEMBL139307,C=CC(=O)N(CCCN1CCOCC1)c1ccc2ncnc(Nc3cccc(Br)c3)c2c1,8.48,0.46727417687679135,2.6371815935125618,496.40900000000005,4.377200000000003,1,6,32,4,True,0.3888888888888889,Gefitinib
CHEMBL322298,CCn1c(=O)c(-c2c(Cl)cccc2Cl)cc2cnc(Nc3ccccc3)nc21,6.70,0.4799000606352366,2.3215808138934317,411.2920000000001,5.528800000000003,1,4,28,3,True,0.1875,Erlotinib
CHEMBL111434,Cn1c(=O)c(-c2c(Cl)cccc2Cl)cc2cnc(Nc3cccc(Br)c3)nc21,6.17,0.4058648799473121,2.4353232213909983,476.1610000000001,5.8084000000000024,1,4,28,3,True,0.18518518518518517,Erlotinib
CHEMBL111197,COc1cccc(Nc2ncc3cc(-c4c(Cl)cccc4Cl)c(=O)n(C)c3n2)c1,7.52,0.4935322643431872,2.3747898746169085,427.2910000000001,5.054500000000003,1,5,29,3,True,0.20987654320987653,Erlotinib
CHEMBL136058,O=C(/C=C/C(=O)Nc1cc2c(Nc3cccc(Br)c3)ncnc2cn1)NCCCN1CCOCC1,9.09,0.28004675976480164,2.716043022065346,540.4220000000001,2.8641000000000005,3,8,35,3,True,0.38461538461538464,Gefitinib
CHEMBL51854,COc1ncc2ncnc(Nc3cccc(Br)c3)c2n1,8.42,0.7949884729056615,2.4199855566646473,332.16100000000006,2.9345,1,6,20,4,True,0.36923076923076925,Erlotinib
CHEMBL939,COc1cc2ncnc(Nc3ccc(F)c(Cl)c3)c2cc1OCCCN1CCOCC1,6.29,0.517854527865434,2.337357549756243,446.9100000000004,4.275600000000003,1,7,31,4,True,1.0,Gefitinib
CHEMBL95320,C#Cc1cccc(Nc2c(C#N)cnc3cc(OCCOC)c(OCCOC)cc23)c1,6.07,0.3956914290015338,2.637848388131351,417.46500000000026,3.8817800000000027,1,7,31,4,True,0.6610169491525424,Erlotinib
CHEMBL298931,Cc1cccc(Nc2ncnc3cnc(N)nc23)c1,7.77,0.7251543913095554,2.273421251216824,252.28100000000003,2.0540199999999995,2,6,19,4,True,0.3230769230769231,Erlotinib
CHEMBL292323,COc1cccc2c(C(=O)Nc3ccccc3)c(SSc3c(C(=O)Nc4ccccc4)c4cccc(OC)c4n3C)n(C)c12,5.19,0.15905071896979403,2.895800512562177,622.7719999999999,7.991200000000005,2,6,44,2,True,0.21505376344086022,Osimertinib
CHEMBL334334,COC(=O)c1cccc(NCc2cc(O)ccc2O)c1,5.05,0.5889434026503025,1.918954806380448,273.28799999999995,2.4965,3,5,20,4,True,0.18055555555555555,Erlotinib
CHEMBL545315,C=CC(=O)Nc1cc2c(Nc3ccc(F)c(Cl)c3)ncnc2cc1OCCCN1CCOCC1.Cl.Cl,8.82,0.27442022230969587,2.7575200325402243,558.8690000000005,5.235100000000005,2,7,36,2,True,0.6883116883116883,Gefitinib
CHEMBL111365,COc1ccc(Nc2ncc3cc(-c4c(Cl)cccc4Cl)c(=O)n(C)c3n2)cn1,5.89,0.5174170530432375,2.5518450340915813,428.2790000000001,4.449500000000002,1,6,29,4,True,0.21978021978021978,Gefitinib
CHEMBL52591,CNc1ncc2ncnc(Nc3cccc(C)c3)c2n1,8.37,0.7583117224232309,2.3212577052057615,266.308,2.5135200000000006,2,6,20,4,True,0.3181818181818182,Erlotinib
CHEMBL132907,COC(=O)c1cc(NCc2ccccc2O)ccc1O,4.70,0.5889434026503026,1.8909929931936365,273.28800000000007,2.4965000000000006,3,5,20,4,True,0.1527777777777778,Erlotinib
CHEMBL422292,CCOC(=O)/C=C/C(=O)Nc1cc2c(Nc3cccc(Br)c3)ncnc2cn1,8.82,0.4440299226116634,2.5322517754318934,442.2730000000001,3.588700000000001,2,7,28,4,True,0.33766233766233766,Erlotinib
CHEMBL113023,COc1ccc(Nc2ncc3cc(-c4c(Cl)cccc4Cl)c(=O)n(C)c3n2)cc1C,6.60,0.46173229035780217,2.437241065705223,441.31800000000015,5.3629200000000035,1,5,30,3,True,0.2391304347826087,Gefitinib
CHEMBL417420,Brc1cccc(Nc2ncnc3cnc(NCCCN4CCOCC4)nc23)c1,8.54,0.5380965898414123,2.5060297874800863,444.3370000000004,3.0601000000000003,2,8,28,4,True,0.3764705882352941,Gefitinib
CHEMBL304414,Cn1c(SSc2c(C(=O)Nc3ccccc3)c3ccccc3n2C)c(C(=O)Nc2ccccc2)c2ccccc21,5.00,0.19368010334288868,2.5902485480836397,562.7200000000003,7.9740000000000055,2,4,40,2,True,0.19101123595505617,Osimertinib
CHEMBL106232,CN1CCN(CCCCCNc2ncc3cc(-c4c(Cl)cccc4Cl)c(=O)n(C)c3n2)CC1,5.35,0.4803685031399147,2.619091781895664,489.4510000000003,4.131900000000003,1,6,33,4,True,0.20833333333333334,Gefitinib
CHEMBL327127,Cn1c(=O)c(-c2c(Cl)cccc2Cl)cc2cnc(Nc3cccc(CO)c3)nc21,7.05,0.5001246728252937,2.4603996307144698,427.29100000000017,4.538200000000003,2,5,29,4,True,0.1927710843373494,Erlotinib
CHEMBL294475,Brc1cccc(Nc2ncnc3cnc(NCCN4CCOCC4)nc23)c1,9.09,0.6174903737511086,2.499793269530329,430.31000000000034,2.67,2,8,27,4,True,0.35294117647058826,Gefitinib
CHEMBL293261,O=C(CCc1c(SSc2[nH]c3ccccc3c2CCC(=O)NCc2ccccc2)[nH]c2ccccc12)NCc1ccccc1,6.07,0.09895829184763096,2.8068051241811425,618.8280000000002,7.946600000000007,4,4,44,2,True,0.12244897959183673,Osimertinib
CHEMBL53310,CNc1ncc2ncnc(Nc3ccccc3)c2n1,7.89,0.7439378482757567,2.225281635832209,252.28100000000003,2.2051,2,6,19,4,True,0.28125,Erlotinib
CHEMBL267019,O=C1NC(=O)c2cc(Nc3ccc(O)cc3)c(Nc3ccc(O)cc3)cc21,5.60,0.35944773615677444,2.366143943856004,361.3570000000001,3.4686000000000003,5,6,27,4,True,0.12643678160919541,Osimertinib
CHEMBL285063,C=CC(=O)Nc1ccc2ncnc(Nc3cccc(Br)c3)c2c1,9.15,0.6747178471005569,2.2025614512955105,369.22200000000004,4.260400000000002,2,4,23,4,True,0.32857142857142857,Erlotinib
CHEMBL136404,C/C=C/C(=O)Nc1cc2c(Nc3cccc(Br)c3)ncnc2cn1,9.30,0.6639155212371507,2.513495011347878,384.2370000000001,4.045500000000002,2,5,24,4,True,0.3333333333333333,Erlotinib
CHEMBL291979,Cn1c(SSc2c(C(=O)Nc3ccccc3)c3cc(C#N)ccc3n2C)c(C(=O)Nc2ccccc2)c2cc(C#N)ccc21,4.27,0.1784364307895686,3.029079204705014,612.7400000000001,7.717360000000005,2,6,44,2,True,0.16666666666666666,Erlotinib
CHEMBL62843,Cn1c(SSc2c(C(=O)Nc3ccccc3)c3cccc(O)c3n2C)c(C(=O)Nc2ccccc2)c2cccc(O)c21,4.00,0.14364968407208228,2.996827237125494,594.7180000000003,7.3852000000000055,4,6,42,2,True,0.16216216216216217,Erlotinib
CHEMBL334697,C=CC(=O)N(C)c1cc2c(Nc3cccc(Br)c3)ncnc2cn1,9.77,0.6952765618145935,2.6994233017275757,384.2370000000001,3.679700000000002,1,5,24,4,True,0.3424657534246575,Erlotinib
CHEMBL434827,CCN(CC)CCCNC(=O)/C=C/C(=O)Nc1cc2c(Nc3cccc(Br)c3)ncnc2cn1,9.14,0.25694104373063337,2.724267373152596,526.4390000000001,3.8737000000000013,3,7,34,3,True,0.32038834951456313,Afatinib
CHEMBL64430,Cn1c(SSc2c(C(=O)Nc3ccccc3)c3cc([N+](=O)[O-])ccc3n2C)c(C(=O)Nc2ccccc2)c2cc([N+](=O)[O-])ccc21,5.30,0.09112449738052845,3.0225331018671264,652.7140000000003,7.790400000000005,2,8,46,2,True,0.16,Osimertinib
CHEMBL137082,C=CC(=O)N(CCCN1CCOCC1)c1cc2c(Nc3cccc(Br)c3)ncnc2cn1,8.57,0.474698300494004,2.8395602535621904,497.39700000000005,3.7722000000000024,1,7,32,4,True,0.3804347826086957,Gefitinib
CHEMBL324926,COc1cc(Nc2ncc3cc(-c4c(Cl)cccc4Cl)c(=O)n(C)c3n2)cc(OC)c1,6.48,0.45140790549442805,2.500365772567914,457.3170000000002,5.063100000000004,1,6,31,3,True,0.19801980198019803,Osimertinib
CHEMBL53311,Clc1ncc2ncnc(Nc3cccc(Br)c3)c2n1,7.09,0.7247128546913212,2.388973698769272,336.58000000000004,3.579300000000001,1,5,19,4,True,0.30303030303030304,Erlotinib
CHEMBL62176,CN1C(=S)C(C(=O)Nc2ccccc2)c2ccccc21,6.00,0.8586192928395768,2.6706059108452074,282.36800000000005,3.1861000000000015,1,2,20,4,True,0.13978494623655913,Osimertinib
CHEMBL423159,COC(=O)c1cc(NCc2cccc(O)c2)ccc1O,4.68,0.5889434026503026,1.8868638723145157,273.28800000000007,2.4965000000000006,3,5,20,4,True,0.1643835616438356,Erlotinib
CHEMBL299622,CNc1ncc2ncnc(Nc3cccc(Br)c3)c2n1,9.12,0.7684706048512752,2.4039144691314913,331.177,2.967600000000001,2,6,20,4,True,0.31343283582089554,Erlotinib
CHEMBL138363,C=C(C)C(=O)Nc1cc2c(Nc3cccc(Br)c3)ncnc2cn1,8.80,0.6639155212371507,2.490352487247936,384.2370000000001,4.045500000000002,2,5,24,4,True,0.3380281690140845,Erlotinib
CHEMBL93464,C/C=C/C(=O)Nc1ccc2ncnc(Nc3cccc(Br)c3)c2c1,9.26,0.6439453539047593,2.258159894291021,383.2490000000001,4.650500000000003,2,4,24,4,True,0.34065934065934067,Afatinib
CHEMBL53831,Nc1ncc2ncnc(Nc3cccc(Br)c3)c2n1,8.82,0.7546729998537475,2.360586565902139,317.15000000000003,2.5081000000000007,2,6,19,4,True,0.30303030303030304,Erlotinib
CHEMBL299881,Cc1cccc(Nc2ncnc3cnc(NCCN4CCOCC4)nc23)c1,8.64,0.6874415906245668,2.4398671156841765,365.44100000000026,2.2159199999999997,2,8,27,4,True,0.36904761904761907,Gefitinib
CHEMBL50027,Clc1ncc2ncnc(Nc3ccccc3)c2n1,5.59,0.7154214806893806,2.202654903495544,257.684,2.8168000000000006,1,5,18,4,True,0.2698412698412698,Erlotinib
CHEMBL31965,C=CC(=O)Nc1cc2c(Nc3ccc(F)c(Cl)c3)ncnc2cc1OCCCN1CCOCC1,7.13,0.3429726304570578,2.60407167327074,485.9470000000004,4.391500000000003,2,7,34,4,True,0.6973684210526315,Gefitinib
CHEMBL344486,CCOC(=O)/C=C/C(=O)Nc1ccc2ncnc(Nc3cccc(Br)c3)c2c1,8.57,0.44027015125857966,2.3120252369703564,441.2850000000001,4.193700000000002,2,6,28,4,True,0.34375,Afatinib
CHEMBL138940,O=C(/C=C/C(=O)Nc1cc2c(Nc3ccc(F)c(Cl)c3)ncnc2cn1)NCCCN1CCOCC1,9.21,0.29484912096224747,2.7423358076881534,513.9610000000004,2.894100000000001,3,8,36,3,True,0.5609756097560976,Gefitinib
CHEMBL321193,Cn1c(=O)c(-c2c(Cl)cccc2Cl)cc2cnc(Nc3cccc(O)c3)nc21,6.82,0.5067836018010966,2.458064214575028,413.2640000000001,4.751500000000003,2,5,28,4,True,0.18518518518518517,Erlotinib
CHEMBL419022,CCOC(=O)CCCc1ccc(Nc2ncc3cc(-c4c(Cl)cccc4Cl)c(=O)n(C)c3n2)cc1,6.16,0.2952581386503428,2.5249742026494673,511.4090000000003,5.931700000000005,1,6,35,2,True,0.18584070796460178,Osimertinib
CHEMBL53426,Brc1cccc(Nc2ncnc3cnc(NCCc4c[nH]cn4)nc23)c1,9.60,0.44725881605236345,2.8071235953577656,411.26700000000017,3.3035999999999994,3,7,26,4,True,0.2625,Erlotinib
CHEMBL53711,CN(C)c1cc2c(Nc3cccc(Br)c3)ncnc2cn1,8.59,0.7868681517234083,2.3673690050475535,344.216,3.5969000000000015,1,5,21,4,True,0.375,Erlotinib
CHEMBL344177,O=C(/C=C/Cl)Nc1cc2c(Nc3cccc(Br)c3)ncnc2cn1,9.16,0.6364171323817597,2.637438155160588,404.6550000000001,4.2219000000000015,2,5,24,4,True,0.32608695652173914,Afatinib
CHEMBL136178,CC(=O)/C=C/C(=O)Nc1ccc2ncnc(Nc3cccc(Br)c3)c2c1,8.92,0.6146217804800123,2.3267743959085667,411.25900000000007,4.2196000000000025,2,5,26,4,True,0.33695652173913043,Afatinib
CHEMBL136511,C=CS(=O)(=O)Nc1ccc2ncnc(Nc3cccc(Br)c3)c2c1,8.85,0.6700284684651479,2.42572352797192,405.2770000000001,4.0211000000000015,2,5,24,4,True,0.32857142857142857,Erlotinib
CHEMBL416307,Cc1cccc(Nc2ncnc3cnc(NCCc4c[nH]cn4)nc23)c1,8.52,0.4929171939465296,2.744862656296828,346.398,2.84952,3,7,26,4,True,0.27848101265822783,Erlotinib
CHEMBL44,O=c1c(-c2ccc(O)cc2)coc2cc(O)cc(O)c12,6.00,0.6318329361180623,2.296603707479351,270.24,2.576800000000001,3,5,20,4,True,0.09473684210526316,Lapatinib
CHEMBL136102,CN(C)CCCNC(=O)/C=C/C(=O)N(C)c1cc2c(Nc3cccc(Br)c3)ncnc2cn1,8.84,0.3355721032231555,2.8555591595420395,512.412,3.117800000000001,2,7,33,3,True,0.3173076923076923,Afatinib
CHEMBL336264,C=CS(=O)(=O)c1cc2c(Nc3cccc(Br)c3)ncnc2cn1,9.37,0.733517597044568,2.755099062914663,391.25000000000006,3.448100000000002,1,6,23,4,True,0.34782608695652173,Erlotinib
CHEMBL104153,COc1ccc(Nc2ncc3cc(-c4c(Cl)cccc4Cl)c(=O)n(C)c3n2)cc1,6.66,0.4935322643431872,2.3309431579189734,427.2910000000001,5.054500000000003,1,5,29,3,True,0.2087912087912088,Gefitinib
CHEMBL53156,CNc1ccc2ncnc(Nc3cccc(Br)c3)c2n1,8.51,0.7686164717854101,2.2949953709882536,330.1890000000001,3.5726000000000013,2,5,20,4,True,0.3181818181818182,Erlotinib
CHEMBL95774,C=CC(=O)Nc1cc2c(Nc3ccc(F)c(Cl)c3)c(C#N)cnc2cc1OCCCN1CCOCC1,7.10,0.313415961449492,2.753935451509605,509.96900000000045,4.868180000000005,2,7,36,3,True,0.5056179775280899,Gefitinib
CHEMBL131653,COC(=O)c1cc(NCc2cc(O)ccc2O)ccc1O,5.05,0.5085211538935756,2.0881709413870766,289.28700000000003,2.2021,4,6,21,4,True,0.14893617021276595,Lapatinib
CHEMBL268868,O=C1NC(=O)c2cc(Nc3ccccc3)c(Nc3ccccc3)cc21,6.52,0.6314431119263918,2.127006768315736,329.35900000000004,4.057400000000001,3,4,25,4,True,0.14285714285714285,Erlotinib
CHEMBL7775,CN(c1ccccc1)c1cc2c(cc1Nc1ccccc1)C(=O)NC2=O,5.06,0.7008371023982791,2.312103335617506,343.3860000000001,4.081700000000002,2,4,26,4,True,0.16304347826086957,Osimertinib
CHEMBL61119,CC(=O)Oc1ccc2c(c1)c(C(=O)Nc1ccccc1)c(SSc1c(C(=O)Nc3ccccc3)c3cc(OC(C)=O)ccc3n1C)n2C,5.28,0.0902394656201901,3.025788067986987,678.792,7.824600000000006,2,8,48,2,True,0.1836734693877551,Osimertinib
CHEMBL335440,O=S(=O)(CCO)c1cc2c(Nc3cccc(Br)c3)ncnc2cn1,7.03,0.666313111899485,2.6590841614560805,409.2650000000001,2.2969,2,7,24,4,True,0.3380281690140845,Erlotinib
CHEMBL50647,Cn1c(=O)c(-c2c(Cl)cccc2Cl)cc2cnc(Nc3ccc(CC(=O)O)cc3)nc21,6.66,0.45403405742609726,2.44349309352282,455.3010000000002,4.673000000000004,2,5,31,4,True,0.19047619047619047,Osimertinib
CHEMBL320705,COc1ccccc1Nc1ncc2cc(-c3c(Cl)cccc3Cl)c(=O)n(C)c2n1,7.18,0.4935322643431872,2.370448598819536,427.2910000000001,5.054500000000003,1,5,29,3,True,0.2604166666666667,Osimertinib
CHEMBL51228,Brc1cccc(Nc2ncnc3cnc(NCCCn4ccnc4)nc23)c1,8.64,0.4370362513629362,2.608579038761098,425.2940000000002,3.6246,2,7,27,4,True,0.25301204819277107,Erlotinib
CHEMBL129930,COC(=O)c1cc(NCc2cc(O)ccc2O)ccc1OC,5.02,0.5808404311335038,2.012799775850061,303.3140000000001,2.5051000000000005,3,6,22,4,True,0.16666666666666666,Lapatinib
CHEMBL113863,Cn1c(=O)c(-c2c(Cl)cccc2Cl)cc2cnc(NCCCCCC(=O)O)nc21,6.00,0.5106835153148482,2.517866630922935,435.3110000000003,4.359200000000002,2,5,29,4,True,0.16822429906542055,Osimertinib
CHEMBL553,C#Cc1cccc(Nc2ncnc3cc(OCCOC)c(OCCOC)cc23)c1,5.84,0.417884097583987,2.4783017347080385,393.4430000000002,3.405100000000002,1,7,29,4,True,1.0,Erlotinib
CHEMBL92086,C=C(C)C(=O)Nc1ccc2ncnc(Nc3cccc(Br)c3)c2c1,8.92,0.6439453539047593,2.225451129781872,383.249,4.650500000000003,2,4,24,4,True,0.34285714285714286,Erlotinib
CHEMBL109631,Cn1c(=O)c(-c2c(Cl)cccc2Cl)cc2cnc(Nc3cccc(C(=O)O)c3)nc21,6.72,0.4748443065392208,2.4198493074634655,441.27400000000017,4.744100000000002,2,5,30,4,True,0.18269230769230768,Osimertinib
CHEMBL52015,CN(C)c1ccc2ncnc(Nc3cccc(Br)c3)c2c1,7.08,0.7738001285832423,2.0969582358167838,343.228,4.201900000000003,1,4,21,4,True,0.38095238095238093,Erlotinib
CHEMBL53796,CN(C)c1ccc2ncnc(Nc3cccc(Br)c3)c2n1,8.02,0.7868681517234083,2.3690766973552453,344.216,3.5969000000000015,1,5,21,4,True,0.31343283582089554,Erlotinib
CHEMBL51853,Nc1cc2c(Nc3cccc(Br)c3)ncnc2cn1,9.89,0.7594760025403341,2.293631600867174,316.16200000000003,3.113100000000001,2,5,19,4,True,0.3709677419354839,Erlotinib
CHEMBL293913,Cn1c(SSc2c(C(=O)Nc3ccccc3)c3ccc(O)cc3n2C)c(C(=O)Nc2ccccc2)c2ccc(O)cc21,4.36,0.14364968407208228,2.939399815072676,594.7180000000003,7.3852000000000055,4,6,42,2,True,0.16842105263157894,Osimertinib
CHEMBL133283,COC(=O)c1ccc(NCc2cc(O)ccc2O)cc1O,5.00,0.5085211538935756,2.1167178909891984,289.28700000000003,2.2021,4,6,21,4,True,0.14736842105263157,Lapatinib
CHEMBL7914,Cc1ccc(Nc2cc3c(cc2Nc2ccc(C)cc2)C(=O)NC3=O)cc1,5.60,0.5933575010046753,2.212588299500359,357.4130000000001,4.674240000000003,3,4,27,4,True,0.12643678160919541,Osimertinib
CHEMBL334801,CN(C)CCCNC(=O)/C=C/C(=O)Nc1cc2c(Nc3cccc(Br)c3)ncnc2cn1,8.96,0.3071491882214961,2.6660161802657605,498.3850000000001,3.0935000000000006,3,7,32,4,True,0.34,Afatinib
CHEMBL325589,Cn1c(=O)c(-c2c(Cl)cccc2Cl)cc2cnc(Nc3cccnc3)nc21,6.29,0.5524882972720051,2.4718098779219364,398.2530000000001,4.440900000000003,1,5,27,4,True,0.1782178217821782,Osimertinib
CHEMBL99024,COc1cc2ncc(C#N)c(Nc3ccc(F)c(Cl)c3)c2cc1OCCCN1CCOCC1,5.98,0.47558388140819646,2.5022896283940703,470.9320000000004,4.752280000000004,1,7,33,4,True,0.7123287671232876,Gefitinib
CHEMBL59812,CC(=O)Oc1cccc2c1c(C(=O)Nc1ccccc1)c(SSc1c(C(=O)Nc3ccccc3)c3c(OC(C)=O)cccc3n1C)n2C,4.70,0.0902394656201901,3.1035530139355627,678.792,7.824600000000006,2,8,48,2,True,0.17346938775510204,Osimertinib
CHEMBL434828,O=C(/C=C/c1ccccc1)Nc1cc2c(Nc3cccc(Br)c3)ncnc2cn1,8.04,0.4131264518978896,2.3570444690325374,446.3080000000001,5.182800000000003,2,5,29,3,True,0.3026315789473684,Erlotinib
CHEMBL49596,Cn1c(=O)c(-c2c(Cl)cccc2Cl)cc2cnc(N)nc21,5.25,0.747762929015181,2.418497201334027,321.1670000000001,2.8845,1,4,21,4,True,0.14583333333333334,Osimertinib
CHEMBL50519,COc1ccc2ncnc(Nc3cccc(Br)c3)c2n1,8.37,0.795411943732026,2.1961982887601383,331.17300000000006,3.539500000000002,1,5,20,4,True,0.375,Erlotinib
CHEMBL293250,Cn1c(SSc2c(C(=O)Nc3ccccc3)c3cc(O)ccc3n2C)c(C(=O)Nc2ccccc2)c2cc(O)ccc21,4.39,0.14364968407208228,2.9024513535342127,594.7180000000003,7.3852000000000055,4,6,42,2,True,0.16842105263157894,Osimertinib
CHEMBL62701,Cn1c(SSc2c(C(=O)Nc3ccccc3)c3cccnc3n2C)c(C(=O)Nc2ccccc2)c2cccnc21,4.65,0.20808592095756487,2.9148885838263467,564.6960000000003,6.764000000000005,2,6,40,2,True,0.1935483870967742,Osimertinib
CHEMBL51659,C=CC(=O)Nc1cc2c(Nc3cccc(Br)c3)ncnc2cn1,9.04,0.6856015491097459,2.469502710036771,370.21000000000004,3.655400000000002,2,5,23,4,True,0.323943661971831,Erlotinib
CHEMBL135142,O=C(/C=C/C(F)(F)F)Nc1ccc2ncnc(Nc3cccc(Br)c3)c2c1,8.76,0.5516139618154988,2.496633249287415,437.21900000000016,5.192900000000002,2,4,27,3,True,0.32978723404255317,Afatinib
CHEMBL343722,C=C=CC(=O)Nc1ccc2ncnc(Nc3cccc(Br)c3)c2c1,8.80,0.5188967947570601,2.5379705966321584,381.23300000000006,4.415500000000002,2,4,24,4,True,0.352112676056338,Erlotinib
CHEMBL448154,CCn1c(=O)c(-c2c(Cl)cccc2Cl)cc2cnc(Nc3ccncc3)nc21,6.31,0.5150379162635322,2.507214467739585,412.2800000000001,4.923800000000003,1,5,28,4,True,0.17475728155339806,Osimertinib
CHEMBL50470,CCN(CC)CCCNc1ncc2cc(-c3c(Cl)cccc3Cl)c(=O)n(C)c2n1,5.85,0.5312395644549287,2.5950392804955857,434.37100000000015,4.446100000000003,1,5,29,4,True,0.16981132075471697,Osimertinib
CHEMBL104244,CN1CCN(CCCCNc2ncc3cc(-c4c(Cl)cccc4Cl)c(=O)n(C)c3n2)CC1,6.68,0.5256219195249302,2.603504599538793,475.42400000000026,3.7418000000000013,1,6,32,4,True,0.21052631578947367,Gefitinib
CHEMBL53777,CN(C)c1ncc2ncnc(Nc3cccc(Br)c3)c2n1,9.02,0.7872334360852137,2.44996362043217,345.20400000000006,2.9919000000000002,1,6,21,4,True,0.3088235294117647,Erlotinib
CHEMBL293889,Cn1c(SSc2c(C(=O)Nc3ccccc3)c3cc(Cl)ccc3n2C)c(C(=O)Nc2ccccc2)c2cc(Cl)ccc21,5.37,0.17246173417299096,2.814738276611136,631.6100000000001,9.280799999999996,2,4,42,2,True,0.16666666666666666,Osimertinib
CHEMBL140561,CN(C)CCCOC(=O)/C=C/C(=O)Nc1ccc2ncnc(Nc3cccc(Br)c3)c2c1,8.62,0.26031464279403005,2.4884704490738745,498.38100000000014,4.125500000000002,2,7,32,4,True,0.36,Afatinib
CHEMBL345077,C=C[S+]([O-])c1cc2c(Nc3cccc(Br)c3)ncnc2cn1,8.34,0.7028464941814128,3.7548989555786436,375.25100000000003,3.782000000000002,1,5,22,4,True,0.32857142857142857,Erlotinib
CHEMBL107472,CNc1ncc2cc(-c3c(Cl)cccc3Cl)c(=O)n(C)c2n1,5.12,0.7802615156973672,2.4675233571867565,335.1940000000001,3.344000000000001,1,4,22,4,True,0.16666666666666666,Osimertinib
CHEMBL139044,C=C/C=C/C(=O)Nc1cc2c(Nc3cccc(Br)c3)ncnc2cn1,8.96,0.49898547701875456,2.657145466945872,396.24800000000005,4.2116000000000025,2,5,25,4,True,0.32432432432432434,Erlotinib
CHEMBL139095,C=CS(=O)(=O)Nc1cc2c(Nc3cccc(Br)c3)ncnc2cn1,9.12,0.6742049284000395,2.694656559646127,406.2650000000001,3.416100000000001,2,6,24,4,True,0.3194444444444444,Erlotinib
CHEMBL113070,Cn1c(=O)c(-c2c(Cl)cccc2Cl)cc2cnc(Nc3ccc(CCCC(=O)O)cc3)nc21,7.10,0.3628144931305058,2.476851963512262,483.3550000000003,5.453200000000004,2,5,33,3,True,0.1834862385321101,Osimertinib
CHEMBL104779,Cn1c(=O)c(-c2c(Cl)cccc2Cl)cc2cnc(Nc3ccncc3)nc21,6.04,0.5524882972720051,2.4830306571427165,398.2530000000001,4.440900000000003,1,5,27,4,True,0.18,Osimertinib
CHEMBL319620,O=C(O)c1cc(NCc2cc(O)ccc2O)ccc1O,4.04,0.5465776520357241,2.06932250867815,275.26000000000005,2.1137,5,5,20,4,True,0.12903225806451613,Lapatinib
CHEMBL134371,O=C(O)/C=C/C(=O)Nc1ccc2ncnc(Nc3cccc(Br)c3)c2c1,9.43,0.5512260217801934,2.2651328158669877,413.2310000000001,3.715200000000001,3,5,26,4,True,0.32608695652173914,Afatinib
CHEMBL301612,Cn1c(=O)c(-c2c(Cl)cccc2Cl)cc2cnc(Nc3ccccc3)nc21,6.58,0.525948324021813,2.290164523276582,397.2650000000001,5.045900000000003,1,4,27,3,True,0.1836734693877551,Osimertinib
CHEMBL50344,CNc1ccc2ncnc(Nc3cccc(Br)c3)c2c1,7.96,0.7568777143573949,2.0878234876991293,329.2010000000001,4.177600000000002,2,4,20,4,True,0.39344262295081966,Erlotinib
CHEMBL293251,Cn1c(SSc2c(C(=O)Nc3ccccc3)c3cc(Br)ccc3n2C)c(C(=O)Nc2ccccc2)c2cc(Br)ccc21,4.94,0.16142225368672808,2.871075968918829,720.5120000000002,9.498999999999995,2,4,42,2,True,0.16666666666666666,Osimertinib
CHEMBL60472,COc1ccc2c(C(=O)Nc3ccccc3)c(SSc3c(C(=O)Nc4ccccc4)c4ccc(OC)cc4n3C)n(C)c2c1,5.44,0.15905071896979403,2.857866681098905,622.772,7.991200000000006,2,6,44,2,True,0.2,Osimertinib
CHEMBL342828,O=C(/C=C/C(=O)Nc1cc2c(Nc3cccc(Br)c3)ncnc2cn1)NCCCn1ccnc1,9.25,0.22761051017512227,2.791277595919519,521.3790000000002,3.428600000000001,3,7,34,3,True,0.28440366972477066,Afatinib
